gender,gender_rec
female,female
mulher,female
feminino,female
female.,female
f,female
mujer,female
femenino,female
trans woman,female
femal,female
homem,male
masculino,male
mascãºlino,male
m,male
"sexo feminino, gãªnero fluido",non-binary
nã£o binã¡rio,non-binary
genderfluid (amab),non-binary
nonbinary,non-binary
hetero cis,NA
NA,NA
non-binary,non-binary
male,male